edge_cursor,release_tag,release_committed_at,is_prerelease,engine_commit
MQ,v0.0.20-alpha,2015-12-07T18:57:00Z,true,
Mg,v0.0.6,2017-05-11T22:33:29Z,false,f99d3ef1083b9a126b64fab0c576647108c9a7eb
Mw,0.0.6,2017-05-11T22:33:29Z,false,f99d3ef1083b9a126b64fab0c576647108c9a7eb
NA,v0.0.7,2017-06-02T17:43:54Z,false,1f2aa075717169d6058ad97b3b5c2794a97a43d7
NQ,0.0.7,2017-06-02T17:43:54Z,false,1f2aa075717169d6058ad97b3b5c2794a97a43d7
Ng,v0.0.8,2017-06-14T06:22:58Z,false,4f5d6fab1187c1f5749a52ab5b4277d1bd51ee79
Nw,0.0.8,2017-06-14T06:22:58Z,false,4f5d6fab1187c1f5749a52ab5b4277d1bd51ee79
OA,v0.0.9,2017-06-15T00:27:08Z,false,18fdfb86bb3876fcbb4e1d25e5b2aad0c5cd669f
OQ,0.0.9,2017-06-15T00:27:08Z,false,18fdfb86bb3876fcbb4e1d25e5b2aad0c5cd669f
MTA,v0.0.10,2017-06-16T19:58:23Z,false,784e9756720f7f6daa15c95ba3df6215bb54783f
MTE,0.0.10,2017-06-16T19:58:23Z,false,784e9756720f7f6daa15c95ba3df6215bb54783f
MTI,v0.0.11,2017-06-21T22:09:10Z,false,b0dee695ecb9ea2438f4d74afdca45839858c311
MTM,0.0.11,2017-06-21T22:09:10Z,false,b0dee695ecb9ea2438f4d74afdca45839858c311
MTQ,v0.0.12,2017-08-01T21:50:29Z,false,f2af347363ddb5b4ed9598b285d4f5ce000331d5
MTU,0.0.12,2017-08-01T21:50:29Z,false,f2af347363ddb5b4ed9598b285d4f5ce000331d5
MTY,v0.0.13,2017-08-12T05:01:40Z,false,fef7d827d6e22830ee6c88e8260f118a6b3fbcd9
MTc,0.0.13,2017-08-12T05:01:40Z,false,fef7d827d6e22830ee6c88e8260f118a6b3fbcd9
MTg,v0.0.14,2017-08-31T22:54:45Z,false,f9e00a7c726cb60e9cf4d02ef29bf494bf6cbe29
MTk,0.0.14,2017-08-31T22:54:45Z,false,f9e00a7c726cb60e9cf4d02ef29bf494bf6cbe29
MjA,v0.0.15,2017-09-12T21:01:51Z,false,31d03de019794a4b0e3c98c04cf7be501fb962fb
MjE,0.0.15,2017-09-12T21:01:51Z,false,31d03de019794a4b0e3c98c04cf7be501fb962fb
MjI,v0.0.16,2017-10-10T23:45:11Z,false,2a84f18c795d24ba95baed360fcb58b3dc66d661
MjM,0.0.16,2017-10-10T23:45:11Z,false,2a84f18c795d24ba95baed360fcb58b3dc66d661
MjQ,v0.0.17,2017-10-17T22:42:40Z,false,7c4142808c700f939be5305067b94097894b3d11
MjU,0.0.17,2017-10-17T22:42:40Z,false,7c4142808c700f939be5305067b94097894b3d11
MjY,v0.0.18,2017-11-30T21:29:59Z,false,77d8acb9be65e6725c7c4292fe2e3b1159c0aeb9
Mjc,0.0.18,2017-11-30T21:29:59Z,false,77d8acb9be65e6725c7c4292fe2e3b1159c0aeb9
Mjg,v0.0.19,2017-12-06T00:12:55Z,false,b57fca02b5b5465b2c553952cccd2b595ace2b65
Mjk,0.0.19,2017-12-06T00:12:55Z,false,b57fca02b5b5465b2c553952cccd2b595ace2b65
MzA,v0.0.20,2017-12-12T17:50:14Z,false,edaecdc8b8098f20512c23745b9d0b135a8ee56d
MzE,0.0.20,2017-12-12T17:50:14Z,false,edaecdc8b8098f20512c23745b9d0b135a8ee56d
MzI,v0.0.21,2018-01-29T22:26:51Z,false,6921873c71e700235c0f68f0359be2332f93c8bc
MzM,0.0.21,2018-01-29T22:26:51Z,false,6921873c71e700235c0f68f0359be2332f93c8bc
MzQ,v0.0.22,2018-01-30T19:37:15Z,false,8f2d72b183fa996449d2a2252c497a64126b44c4
MzU,v0.0.23,2018-02-05T20:00:24Z,false,d5338ed14376f62b252078b1dcd742bd3b01a7da
MzY,v0.0.24,2018-02-07T18:26:55Z,false,9bc2efdf47b102e3c7cfe84bcfc17327f1a6d6ac
Mzc,v0.1.0,2018-02-09T20:21:43Z,false,337764e4edebdafad6685a4af81b84d456dac687
Mzg,v0.1.1,2018-02-13T22:40:03Z,false,f5a4a9378740c3d5996583a9ed1f7e28ff08ee85
Mzk,v0.1.2,2018-02-14T07:32:28Z,false,05c5f817eb731569ddaad6397ee9ce000d37f2f1
NDA,v0.1.3,2018-02-17T19:31:34Z,false,e5b72e5f87cae358b457b6c1cb55c4560ce3c46c
NDE,v0.1.4,2018-02-19T21:12:17Z,false,13cf22c284c24f81357aec6a89074a536efbf4d1
NDI,v0.1.5,2018-02-22T19:12:39Z,false,ead227f118077d1f2b57842a32abaf105b573b8a
NDM,v0.1.6,2018-02-24T02:35:40Z,false,ead227f118077d1f2b57842a32abaf105b573b8a
NDQ,v0.1.7,2018-02-27T04:11:11Z,false,ead227f118077d1f2b57842a32abaf105b573b8a
NDU,v0.1.8,2018-02-28T01:39:49Z,false,e133da723c603eb43c5bf03aeb27e79c06a50e0c
NDY,v0.1.9,2018-03-05T16:55:10Z,false,97b22348c8d5cba471418dc94f9e384e384e796f
NDc,v0.2.0,2018-03-05T22:27:57Z,false,a00f8e8bc0f3d08ec0c0ca24b01226441bcaf03a
NDg,v0.2.1,2018-03-08T23:01:37Z,false,24cf8ebd8621713a6936df783dad5019f52bc85e
NDk,v0.2.2,2018-03-13T19:42:29Z,false,e44cd55fc452ba5524147280c451fb3ace350ec4
NTA,v0.2.3,2018-03-13T20:20:13Z,false,e61bb9ac3a3fd789754e2e54220bcfc27076a857
NTE,v0.2.4,2018-03-20T18:30:06Z,false,6280adbfb1f9f63cdc6179b9b78634add1e4f2e3
NTI,v0.2.5,2018-03-28T19:07:12Z,false,dd6f46c485192f4506035088c9065b9f5dbba9ab
NTM,v0.2.6,2018-03-30T05:14:04Z,false,9af82c5a1a79ae02477db13e721c8365f31a4840
NTQ,v0.2.7,2018-04-02T00:35:05Z,false,c903c217a1a8206cdebdab1703b52ec6180edf37
NTU,v0.2.8,2018-04-02T20:53:20Z,false,c903c217a1a8206cdebdab1703b52ec6180edf37
NTY,v0.2.9,2018-04-03T17:59:12Z,false,04f3c6557c02879191a558320ed8ec81f8b2b619
NTc,v0.2.10,2018-04-06T20:23:16Z,false,d2b69fec751d6d11f62019c863b2cba4ce575bfe
NTg,v0.2.11,2018-04-10T21:27:53Z,false,6474647f5210a968d186901cc511153ec442e897
NTk,v0.3.0,2018-04-12T23:17:26Z,false,8a6e64a8ef09f1f1af207725b40022d8d7a9dcd7
NjA,v0.3.1,2018-04-20T06:36:15Z,false,09d05a38912a3c1a906e95099cac9a7e14fae85f
NjE,v0.3.2,2018-04-20T08:02:44Z,false,09d05a38912a3c1a906e95099cac9a7e14fae85f
NjI,v0.3.3,2018-04-21T23:10:39Z,false,cb3376c5dedb71cec7a88b8a8904acc5dd6c6ba1
NjM,v0.3.4,2018-04-24T04:26:51Z,false,ec611470b571c35156723a163fdcacd1f58b1809
NjQ,v0.3.5,2018-04-24T21:03:41Z,false,ec611470b571c35156723a163fdcacd1f58b1809
NjU,v0.3.6,2018-05-04T17:31:53Z,false,e976be13c51448f89107d082ec81e2b6731671fa
NjY,v0.4.0,2018-05-04T17:48:06Z,false,e976be13c51448f89107d082ec81e2b6731671fa
Njc,v0.4.1,2018-05-07T16:22:36Z,false,e976be13c51448f89107d082ec81e2b6731671fa
Njg,v0.4.2,2018-05-07T21:13:53Z,false,e976be13c51448f89107d082ec81e2b6731671fa
Njk,v0.4.3,2018-05-11T07:45:32Z,false,9ae10ef702e76585ea498bdfb2b40181017623ad
NzA,v0.4.4,2018-05-12T04:44:54Z,false,06afdfe54ebef9168a90ca00a6721c2d36e6aafa
NzE,v0.5.0,2018-05-26T21:50:18Z,false,2b1f3dbe25894d7614587f494a25b40fdb344f4a
NzI,v0.5.1,2018-05-29T19:07:33Z,false,1ed25ca7b7e3e3e8047df050bba4174074c9b336
NzM,v0.5.2,2018-06-06T22:28:20Z,false,a83b37d35acd8afd82be3f567a4b7231d5bdb928
NzQ,v0.5.3,2018-06-09T15:23:59Z,false,5d2f24aa5cbdbe3c5d41b2b261873d26f4077c79
NzU,v0.5.4,2018-06-11T18:31:25Z,false,d33bbff47055bc3f1cddfb768881b395c4ac19c2
NzY,v0.5.5,2018-06-14T20:17:08Z,false,c3976b3c7183f479717bffed3f640fb92afbd3dc
Nzc,v0.5.6,2018-06-27T00:01:46Z,false,6fe748490d1772d72274bf8b9efb72c5c2160237
Nzg,v0.5.7,2018-07-09T19:52:41Z,false,6fe748490d1772d72274bf8b9efb72c5c2160237
Nzk,v0.5.8,2018-08-09T16:45:44Z,false,37779318019c397471751fe67ba0fefcd0d720d7
ODA,v0.6.0,2018-08-15T22:35:12Z,false,e3687f70c7ece72000b32ee1b3c02755ba5361ac
ODE,v0.6.1,2018-08-20T19:51:07Z,false,c23690f0d751898a0ed5eab4c5242a9e182b54b0
ODI,v0.6.2,2018-08-21T17:45:37Z,false,4b271b2e0265428fc144c5ce6c1234680631d83e
ODM,v0.7.0,2018-08-22T17:20:51Z,false,4b271b2e0265428fc144c5ce6c1234680631d83e
ODQ,v0.7.1,2018-08-24T02:23:02Z,false,0b728a3140015137a1c5eb81b486afe279ddd981
ODU,v0.7.2,2018-08-27T18:58:30Z,false,af42b6dc95bd9f719e43c4e9f29a00640f0f0bba
ODY,v0.7.3,2018-08-28T19:39:24Z,false,af42b6dc95bd9f719e43c4e9f29a00640f0f0bba
ODc,v0.7.4,2018-08-30T17:09:44Z,false,252da4808277ef1c7de0bdd7f0689fe05c7ec79c
ODg,v0.7.5,2018-08-30T21:47:04Z,false,dc7b5eb89da31cddc2abc91aa5b30bcc6d66e70c
ODk,v0.8.0,2018-09-04T16:12:24Z,false,de4c7a53f21cd0d2dd1cce9ea000e7f6a5398c2f
OTA,v0.8.1,2018-09-07T03:23:13Z,false,9b297b3b51228d5009b47a09cc7c8e9774877f5e
OTE,v0.8.2,2018-09-07T19:33:05Z,false,58a1894a1cd798de2f9a206f157a90d45944028b
OTI,v0.8.3,2018-09-14T01:50:21Z,false,c0e6f6a6e665b8b5f66038819f15701dbfe2f0da
OTM,v0.8.4,2018-09-14T17:11:32Z,false,7a9b430d740b9a7ae4d9a6d44357d83561e1124d
OTQ,v0.8.5,2018-09-16T16:30:34Z,false,72665c6827a566e626bde75a4289609fb65ac657
OTU,v0.8.6,2018-09-17T20:02:34Z,false,b0b19d6ce1d23a5ca766ecc08199df1e27028d43
OTY,v0.8.7,2018-09-18T13:32:39Z,false,9e315e64659ea966eba58bada2b51112b07d284c
OTc,v0.9.0,2018-09-18T17:05:46Z,false,9e315e64659ea966eba58bada2b51112b07d284c
OTg,v0.9.1,2018-09-18T20:39:21Z,false,9e315e64659ea966eba58bada2b51112b07d284c
OTk,v0.9.2,2018-09-19T21:59:23Z,false,2e8e96fad1ada324adca718d13410a98d9bb1036
MTAw,v0.9.3,2018-09-20T23:30:07Z,false,71457a67d0f9b10e8442d6db6d711bf00185ea66
MTAx,v0.9.4,2018-09-25T21:45:40Z,false,74625aed323d04f2add0410e84038d250f51b616
MTAy,v0.9.5,2018-09-26T21:28:26Z,false,38a646e14cc25f5a56a989c6a5787bf74e0ea386
MTAz,v0.9.6,2018-10-02T18:15:17Z,false,f6af1f20ba92a819401d66ae4b2179b0775b0e12
MTA0,v0.10.0,2018-10-09T20:21:06Z,false,bf377896ff0fc190301436ff32a592f3bab75e6b
MTA1,v0.10.1,2018-10-18T22:38:26Z,false,3860a43379fa3a7474427a671c794fa29e555c10
MTA2,v0.10.2,2018-10-26T05:30:21Z,false,6c2ade9fa2b555899530a31cc8cbd1dff3bf5eea
MTA3,v0.11.0,2018-10-30T02:44:36Z,false,162b2e98c036a8f8c355fd475dbe0db4f4bc886c
MTA4,v0.11.1,2018-11-09T18:35:15Z,false,59f79d0d64c915c6ba04099206e3fed5b9d5a4a1
MTA5,v0.11.2,2018-11-09T22:26:21Z,false,316f6365a64bd66fdf9c1ada3ed0a91d9533b9c7
MTEw,v0.11.3,2018-11-10T04:36:17Z,false,5646e86a6f442dc6f4158ae7010ab13d72a0b356
MTEx,v0.11.4,2018-11-12T06:36:47Z,false,5646e86a6f442dc6f4158ae7010ab13d72a0b356
MTEy,v0.11.5,2018-11-13T17:53:56Z,false,4959b71d6a1b1473911970428b16ac02397d930b
MTEz,v0.11.6,2018-11-14T19:09:56Z,false,114d33d3caa24d260f15529e1f3f50783cbccd9a
MTE0,v0.11.7,2018-11-19T16:14:05Z,false,2e06da3df9cb370795f49747fdfd295b8168c133
MTE1,v0.11.8,2018-11-20T15:49:29Z,false,1baf081343530dbaa8bec378fe1ce26b4897c23f
MTE2,v0.11.9,2018-11-21T03:05:23Z,false,5c8147450db52b81232c138b9f9a65a8f9c61862
MTE3,v0.11.10,2018-11-26T22:07:24Z,false,eebc6a58958587203f624528ff46b1d4b2b0f2fa
MTE4,v0.11.11,2018-11-28T02:33:50Z,false,be973ea196127383f356d39be466e2f3bd163083
MTE5,v0.11.12,2018-11-28T23:56:58Z,false,72c7a7567228cdaf8b7aa4a9e3d212ef9d4cc0ed
MTIw,v0.11.13,2018-11-30T00:20:18Z,false,7375a0f414bde4bc941e623482221db2fc8c4ab5
MTIx,v1.0.0,2018-11-30T03:41:26Z,false,7375a0f414bde4bc941e623482221db2fc8c4ab5
MTIy,v1.1.0,2018-12-11T18:50:51Z,false,7375a0f414bde4bc941e623482221db2fc8c4ab5
MTIz,v1.1.1,2018-12-12T03:29:13Z,false,25b58c0c67dc740ec3404ae9dc0d05c5e088f68d
MTI0,v1.1.2,2018-12-14T15:59:31Z,false,101b27da7a1b9906d370fdf0612bf3ff31bd860b
MTI1,v1.1.3,2018-12-19T19:04:42Z,false,526e0e3afb2c6879a7924246521813790c4deb48
MTI2,v1.1.4,2018-12-20T19:38:07Z,false,dbdb5e6f8c9fc8add75d7b5a19bdaa1144a9332e
MTI3,v1.1.5,2018-12-28T18:43:06Z,false,f0a1d6f91d93b0f0e4ba67defd2ef74abb978cdb
MTI4,v1.1.6,2019-01-07T17:42:35Z,false,7112b72cc229e05d36716c3d7739885d3ffa72e6
MTI5,v1.1.7,2019-01-08T17:24:27Z,false,7112b72cc229e05d36716c3d7739885d3ffa72e6
MTMw,v1.1.8,2019-01-08T21:45:55Z,false,7112b72cc229e05d36716c3d7739885d3ffa72e6
MTMx,v1.1.9,2019-01-09T04:40:19Z,false,e5ec3cf3ea5ce78c6c3116271601f60d30a799d4
MTMy,v1.2.0,2019-01-25T19:27:35Z,false,36acd02c9412d0c1e6acbe0fbcb3dd03cda038df
MTMz,v1.2.1,2019-02-15T03:19:53Z,false,3757390fa4b00d2d261bfdf5182d2e87c9113ff9
MTM0,v1.2.2,2019-02-22T04:22:47Z,false,f1f19bba8f0089490962316867bd222727510ac5
MTM1,v1.3.0,2019-02-27T22:49:49Z,false,4434a39c7d545ed47186b2f4d98cd09c8366e720
MTM2,v1.3.1,2019-02-28T01:22:28Z,false,3e4e6f5c54db7a705e6d50f7f3bddfa2ac0d6612
MTM3,v1.3.2,2019-03-01T07:05:45Z,false,99f3f7a9c246f1ebedc6eefd867cde250b370380
MTM4,v1.3.3,2019-03-02T01:48:28Z,false,39c46dea4b7347a252218aaff5caac5dc2fec8cd
MTM5,v1.3.4,2019-03-04T16:43:28Z,false,e9eae9a1af77400d02c498f0ad943f2858845398
MTQw,v1.3.5,2019-03-04T21:09:25Z,false,4f54a1dd944497bd1ec0f2acca22ff9fbd8b377a
MTQx,v1.3.6,2019-03-04T22:26:50Z,false,4f54a1dd944497bd1ec0f2acca22ff9fbd8b377a
MTQy,v1.3.7,2019-03-06T02:18:44Z,false,f4951df193a7966f9ed4da43d555eee0913d84d1
MTQz,v1.3.8,2019-03-06T22:23:37Z,false,f4951df193a7966f9ed4da43d555eee0913d84d1
MTQ0,v1.3.9,2019-03-10T02:19:28Z,false,4e54bc93ca9aaf2156fb06266c9fe509e8599a5f
MTQ1,v1.3.10,2019-03-14T14:21:03Z,false,8b1a299ed52d4ef9521ccd65c6c52d563129d8af
MTQ2,v1.3.11,2019-03-15T06:51:18Z,false,403337ebb893380101d1fa9cc435ce9b6cfeb22c
MTQ3,v1.3.12,2019-03-18T09:02:34Z,false,e75f6de01fee738eb15f24efb0ec549587009f1a
MTQ4,v1.3.13,2019-03-18T18:20:10Z,false,e75f6de01fee738eb15f24efb0ec549587009f1a
MTQ5,v1.3.14,2019-03-21T22:31:46Z,false,d4d4883216fd1c1dfc17d41418a960c002cfff57
MTUw,v1.4.0,2019-03-25T23:21:41Z,false,dd6be2fd83710de8392fb554927a5d495684a13e
MTUx,v1.4.1,2019-03-26T17:05:30Z,false,0d83a2ecd1bb78f8e1f0ed9719ff3751cdfdd064
MTUy,v1.4.2,2019-03-27T00:11:04Z,false,0d83a2ecd1bb78f8e1f0ed9719ff3751cdfdd064
MTUz,v1.4.3,2019-03-27T15:19:22Z,false,0d83a2ecd1bb78f8e1f0ed9719ff3751cdfdd064
MTU0,v1.4.4,2019-03-27T20:56:23Z,false,0d83a2ecd1bb78f8e1f0ed9719ff3751cdfdd064
MTU1,v1.4.5,2019-03-27T23:21:16Z,false,3a3f707d5a9b17388b60ff10b9f65b0c6a3c4134
MTU2,v1.4.6,2019-03-28T17:08:44Z,false,c4d14a00716fa616b69d51bab957aee483bdc9c2
MTU3,v1.4.5-hotfix.2,2019-03-29T17:13:06Z,true,3a3f707d5a9b17388b60ff10b9f65b0c6a3c4134
MTU4,v1.4.6-hotfix.1,2019-03-29T19:40:21Z,true,c4d14a00716fa616b69d51bab957aee483bdc9c2
MTU5,v1.4.7,2019-03-29T17:05:18Z,false,c4d14a00716fa616b69d51bab957aee483bdc9c2
MTYw,v1.4.8,2019-04-01T17:58:30Z,false,a850016454f6d33da64d03dbd1ea71fd0fac299f
MTYx,v1.4.9,2019-04-03T22:38:31Z,false,cc115500b9cb2b27d59627f202e6cd6bb87f49fc
MTYy,v1.4.10,2019-04-04T15:27:41Z,false,5944867cabdb934ef9fea0dccb865cb1acef51b5
MTYz,v1.4.11,2019-04-04T22:14:46Z,false,219bf5938752e0030b491565af1910c137b83dd8
MTY0,v1.4.12,2019-04-08T19:37:43Z,false,ff1bcdc00941188ba27123a4857b443e3c9392bb
MTY1,v1.4.13,2019-04-09T21:40:20Z,false,eec74e5c92313f01a28dfbeb78d96e81231edab7
MTY2,v1.4.14,2019-04-10T00:47:44Z,false,eec74e5c92313f01a28dfbeb78d96e81231edab7
MTY3,v1.4.15,2019-04-10T15:35:03Z,false,905c571db50d5eb3b10eaa4d3c43c99321032223
MTY4,v1.4.16,2019-04-10T21:57:46Z,false,72986c39ea3669ef26d4d7d7cd0c44f513fcd117
MTY5,v1.4.9-hotfix.1,2019-04-11T21:01:46Z,true,4737fc5cd89b8f0136e927b00f2e159444b95a73
MTcw,v1.4.17,2019-04-11T16:32:22Z,false,72986c39ea3669ef26d4d7d7cd0c44f513fcd117
MTcx,v1.4.18,2019-04-11T20:11:22Z,false,72986c39ea3669ef26d4d7d7cd0c44f513fcd117
MTcy,v1.4.19,2019-04-12T14:40:18Z,false,9aa7c9a48e9342a450c3078e15c8d7923a338ede
MTcz,v1.5.0,2019-04-16T04:16:17Z,false,9970fb5500710471c031cb86f899bfc3f4a6bafd
MTc0,v1.5.1,2019-04-16T23:49:39Z,false,c0ee647ca4226fcb38a5af178a97ce8ba9129184
MTc1,v1.5.2,2019-04-17T14:43:19Z,false,fdd427241b7790a1ad86794725b311245ed3b470
MTc2,v1.5.3,2019-04-18T17:19:21Z,false,06fea14e5800c35a4fc4dd10cc31b997f1be81e9
MTc3,v1.5.4,2019-04-22T14:51:33Z,false,ca31a7c57bada458fa7f5c0d3f36bc1af4ccbc79
MTc4,v1.5.5,2019-04-23T17:41:19Z,false,e27c867c30dfa24461a9fab356ff57a4bb22650e
MTc5,v1.5.6,2019-04-24T14:43:01Z,false,c63d1cf9c9ba8c7d8546f24c1248433bdf827153
MTgw,v1.5.7,2019-04-24T18:23:44Z,false,c63d1cf9c9ba8c7d8546f24c1248433bdf827153
MTgx,v1.5.8,2019-04-25T00:18:28Z,false,c63d1cf9c9ba8c7d8546f24c1248433bdf827153
MTgy,v1.5.4-hotfix.1,2019-04-30T22:44:27Z,true,52c7a1e849a170be4b2b2fe34142ca2c0a6fea1f
MTgz,v1.5.4-hotfix.2,2019-05-01T23:56:46Z,true,52c7a1e849a170be4b2b2fe34142ca2c0a6fea1f
MTg0,v1.6.0,2019-05-15T00:09:29Z,false,832cdacc6f955f080734109900a1658ae7e0d248
MTg1,v1.6.1,2019-05-21T00:25:59Z,false,e3772232c2d24c174beac7ef03dff63907cdda46
MTg2,v1.6.2,2019-05-22T00:12:18Z,false,303a3910d398ee48a3411108688ebd5ccc101e8a
MTg3,v1.6.3,2019-05-23T17:29:07Z,false,8dc3a4cde2075a4f5458fd0eb199627f5124508d
MTg4,v1.6.4,2019-05-24T19:39:48Z,false,8dc3a4cde2075a4f5458fd0eb199627f5124508d
MTg5,v1.6.5,2019-05-28T17:19:19Z,false,8dc3a4cde2075a4f5458fd0eb199627f5124508d
MTkw,v1.6.6,2019-05-29T04:53:03Z,false,8dc3a4cde2075a4f5458fd0eb199627f5124508d
MTkx,v1.6.7,2019-05-30T19:04:01Z,false,58eff77ef2f808306f0f8d4e46d910b6210bae46
MTky,v1.7.0,2019-05-31T19:27:56Z,false,a32df2c9280033c93a7ed089c294566dabfbf693
MTkz,v1.7.1,2019-06-04T14:01:52Z,false,a63ef4cb4fde6a486818467d806b912f938e57f5
MTk0,v1.7.2,2019-06-04T23:25:55Z,false,86aa01442b5d5a6b9b16ff3cf15d529a92d9d75c
MTk1,v1.7.3,2019-06-07T19:43:27Z,false,0602dbb27547cd03d8f8e816b7995cace854f7e6
MTk2,v1.7.4,2019-06-14T16:46:23Z,false,2589785b5c5eaad64d1da3403048e61d8f230c48
MTk3,v1.7.5,2019-06-19T00:04:11Z,false,20d3861ac8e1f8f38c8659b16b699d0e63db01b1
MTk4,v1.7.6,2019-06-21T18:24:54Z,false,a9a0b89b1c82aa657708eece3e690bf39cf0ead5
MTk5,v1.7.7,2019-06-21T19:05:06Z,false,a9a0b89b1c82aa657708eece3e690bf39cf0ead5
MjAw,v1.7.8,2019-06-22T02:31:55Z,false,d004bcd4d619fc3574761d63d7cf7b7291332c79
MjAx,v1.7.9,2019-06-24T10:41:02Z,false,4444c9cb6c9f1859c1807cff415cd716bb9612ff
MjAy,v1.7.10,2019-06-25T13:59:15Z,false,ae8e6d9f46990b9585dc1fb5b8aabe491c08aaf3
MjAz,v1.7.11,2019-06-27T03:27:39Z,false,f3761ba8d01fc6213db44b702c3c38bfdc5c887a
MjA0,v1.7.8+hotfix.1,2019-07-01T22:52:35Z,false,b1cb0d9e9b44393efeb735f664672a74732cdc8b
MjA1,v1.8.0,2019-07-01T18:33:22Z,false,45b66b722e1275c47dccbe6b002c8e4cb13ea983
MjA2,v1.7.8+hotfix.2,2019-07-02T16:31:07Z,false,b1cb0d9e9b44393efeb735f664672a74732cdc8b
MjA3,v1.8.1,2019-07-08T18:04:24Z,false,3c51a7bfff776e9e3011384f4ff09c13a697c6b6
MjA4,v1.7.8+hotfix.3,2019-07-09T20:14:38Z,false,54ad777fd29b031b87c7a68a6637fb48c0932862
MjA5,v1.8.2,2019-07-11T02:17:14Z,false,75387dbc147d1cee8164f5d61582eab8ba1e5058
MjEw,v1.7.8+hotfix.4,2019-07-19T03:04:33Z,false,fee001c93f25a1e7258e762781a7361f122d29f5
MjEx,v1.8.3,2019-07-27T18:48:24Z,false,38ac5f30a7026e870619c2e8e8c99c070d74036f
MjEy,v1.8.4,2019-08-02T17:10:39Z,false,26368225b5ec8c172422f0d9757c75828c11cdd1
MjEz,v1.9.0,2019-08-14T01:14:36Z,false,4b6b4afd6492499b72bdc59c3a633c7721708087
MjE0,v1.9.1,2019-08-18T19:22:36Z,false,55406841525fba0dcb7fdf417bf021e96093459d
MjE1,v1.9.2,2019-08-20T00:37:36Z,false,3e10d92b2bbb29fc932868ee025959748285657b
MjE2,v1.9.3,2019-08-21T01:50:09Z,false,c43739ba53ce7c0d6d6f5c9ab90a832302c0b623
MjE3,v1.9.4,2019-08-23T16:41:03Z,false,975a8aa5752e5774ffcd342a6f987d61bd5d84a5
MjE4,v1.9.5,2019-08-23T21:08:04Z,false,72283b64196cb5df16eb4d1a782da08f320a8014
MjE5,v1.9.6,2019-08-28T13:49:49Z,false,f8c4546eb44556ea40efdf4b108cb11477266a5e
MjIw,v1.9.7,2019-08-29T00:04:07Z,false,f52c0b9270de3b2fc3e2785dfa7355e70a0b5fc7
MjIx,v1.9.1+hotfix.1,2019-09-04T01:07:52Z,false,cc88fa45dbf4c55bc23cecea17fb90f43bccf588
MjIy,v1.10.0,2019-09-05T03:13:16Z,false,e7f9ef6aa0b9040102d1b3c9a6ae934df746ef94
MjIz,v1.9.1+hotfix.2,2019-09-07T01:39:49Z,false,b863200c37df4ed378042de11c4e9ff34e4e58c9
MjI0,v1.10.1,2019-09-07T00:11:41Z,false,b9ce2500d9e57389c8b873fbbd016852c8ed8d0a
MjI1,v1.10.2,2019-09-12T04:03:42Z,false,7ea9884ab00eb0b63f7793ce8664ae55af484eb1
MjI2,v1.10.3,2019-09-13T21:52:41Z,false,7d8c6d9c1a5c1ce5303a5694bc9f49819c772f5f
MjI3,v1.10.4,2019-09-18T18:01:08Z,false,2289072724fff78f9b07f0619796a666e00f69a0
MjI4,v1.10.5,2019-09-19T03:09:41Z,false,33ad6757e88311f4fb9d341918894e2bc30e3b20
MjI5,v1.9.1+hotfix.3,2019-09-25T22:41:01Z,false,b863200c37df4ed378042de11c4e9ff34e4e58c9
MjMw,v1.10.6,2019-09-25T14:57:58Z,false,63949eb0fd982b27adc218364805913380af7411
MjMx,v1.9.1+hotfix.4,2019-09-27T22:04:59Z,false,b863200c37df4ed378042de11c4e9ff34e4e58c9
MjMy,v1.10.7,2019-10-02T16:32:30Z,false,9e6314d348f9b5521e3c66856324d7a9c4a928c9
MjMz,v1.10.8,2019-10-02T22:28:55Z,false,aa8fcbb65283bfd8ab37475043ae2ac8fe8671f4
MjM0,v1.10.9,2019-10-04T03:27:37Z,false,2e163b27805be1bd178ad909f9947fe9d85c6010
MjM1,v1.10.10,2019-10-04T05:37:43Z,false,a0605af402ac9b9e54b33ad900da60845ab77961
MjM2,v1.10.11,2019-10-04T13:23:03Z,false,759d3dba259be0ac7196dcc5d94b66901942d1e5
MjM3,v1.10.12,2019-10-04T14:52:15Z,false,759d3dba259be0ac7196dcc5d94b66901942d1e5
MjM4,v1.10.13,2019-10-07T15:11:45Z,false,7d90779bb66f2c63444ee41b61c2d9a1c7b389ca
MjM5,v1.10.14,2019-10-07T22:23:31Z,false,1d62160fdb2f5a1d20f1dccb761a2caa96804c22
MjQw,v1.9.1+hotfix.5,2019-10-17T15:37:27Z,false,b863200c37df4ed378042de11c4e9ff34e4e58c9
MjQx,v1.9.1+hotfix.6,2019-10-22T21:25:23Z,false,b863200c37df4ed378042de11c4e9ff34e4e58c9
MjQy,v1.10.15,2019-11-01T22:36:07Z,false,8ea19b1c76f69f7b50e4195f41dfb1cb49a9fe66
MjQz,v1.10.16,2019-11-07T02:04:17Z,false,34a40cfbfd369544cbee9d19f212fbbe06e739c2
MjQ0,v1.11.0,2019-11-09T02:00:01Z,false,af04338413c3ed73316350f64248a152433073b6
MjQ1,v1.12.0,2019-11-09T02:35:17Z,false,2f69e38160a301f4070a8be25dcb66120e4548ac
MjQ2,v1.12.1,2019-11-11T21:29:46Z,false,31cd2dfca22a282e53eb449d8a3be93b8365c1bc
MjQ3,v1.12.2,2019-11-13T22:37:20Z,false,b358dc58fbcec7b235a40f550445c8d6877342e1
MjQ4,v1.12.3,2019-11-17T03:41:51Z,false,fb9b91428b4401fee584934f4c7ffc90ff84581b
MjQ5,v1.12.4,2019-11-18T17:26:51Z,false,5fb7eb753b28adbc1ca4914d9c27993027885aa7
MjUw,v1.12.5,2019-11-20T20:18:44Z,false,176f56329631173cec8e6b1ca6c72f34b2e9a4ed
MjUx,v1.12.6,2019-11-21T01:18:51Z,false,6bf311f1d62cc5a0136456748de9d20c6bd589fd
MjUy,v1.12.7,2019-11-21T11:09:43Z,false,7a77e3625dd1db5f4f517a129707cb299c48207a
MjUz,v1.12.8,2019-11-22T06:12:24Z,false,7e68097cc1d35da8ced4b771d191b6d44c5d9fef
MjU0,v1.12.9,2019-11-22T17:28:33Z,false,9f4341a2b869ade738bdce64d13075d4fe4a5677
MjU1,v1.12.10,2019-11-22T23:02:20Z,false,ad14574949f5cd0b5eddfd7bc4fd54bb56e00c72
MjU2,v1.12.11,2019-11-23T06:02:54Z,false,d1cac77d5a4edb64901341253fe9e756cb94dc34
MjU3,v1.12.12,2019-11-25T06:29:28Z,false,b6b54fd60631a3828c2e2c9b079b5d1d2d8c8c37
MjU4,v1.12.13,2019-11-25T20:04:30Z,false,b6b54fd60631a3828c2e2c9b079b5d1d2d8c8c37
MjU5,v1.12.14,2019-11-25T21:47:51Z,false,c89ac6347b7e88a562ebc826a5ee9a07c7b4cab7
MjYw,v1.12.15,2019-11-26T17:04:51Z,false,e136d637a87379658ee8f326c4e7875315d1f926
MjYx,v1.12.16,2019-11-27T19:33:38Z,false,fad1b23c42b96197a097fe42d37171f32459fecb
MjYy,v1.12.13+hotfix.1,2019-12-03T08:12:02Z,false,c1e322b685a81c11c16bddd22282925b7d0272e8
MjYz,v1.12.13+hotfix.2,2019-12-04T17:20:18Z,false,6955b06cedb2425f4363f10642c9b0e63e496af0
MjY0,v1.13.0,2019-12-04T01:43:00Z,false,617938024315e205f26ed72ff0f0647775fa6a71
MjY1,v1.12.13+hotfix.3,2019-12-06T05:23:21Z,false,ac9391978e7c0693b75a82c219e059b6ffee35c4
MjY2,v1.12.13+hotfix.4,2019-12-09T23:58:15Z,false,ac9391978e7c0693b75a82c219e059b6ffee35c4
MjY3,v1.13.1,2019-12-10T18:41:31Z,false,12bf95fd49b7456f08a1274078c4b55e675ad018
MjY4,v1.12.13+hotfix.5,2019-12-11T02:15:01Z,false,2994f7e1e682039464cb25e31a78b86a3c59b695
MjY5,v1.12.13+hotfix.6,2019-12-11T14:35:39Z,false,2994f7e1e682039464cb25e31a78b86a3c59b695
Mjcw,v1.13.2,2019-12-12T18:43:58Z,false,12bf95fd49b7456f08a1274078c4b55e675ad018
Mjcx,v1.13.3,2019-12-19T08:53:27Z,false,0f90e6546bf302bda9b1e8213a004ed5c16d13c4
Mjcy,v1.13.4,2019-12-19T17:45:02Z,false,0f90e6546bf302bda9b1e8213a004ed5c16d13c4
Mjcz,v1.13.5,2019-12-19T21:48:02Z,false,0f90e6546bf302bda9b1e8213a004ed5c16d13c4
Mjc0,v1.13.6,2019-12-30T17:24:47Z,false,bdc9708d235e582483d299642ad8682826ebb90d
Mjc1,v1.13.7,2020-01-03T21:19:11Z,false,eb139936eb2c17694aba3fd922adfe8a85c5e8df
Mjc2,v1.13.8,2020-01-08T06:34:36Z,false,3f52888b3bcf7adb9bc8d7be01f717a0c15b6618
Mjc3,v1.13.9,2020-01-09T18:25:58Z,false,f001ea29f1b9664d928acfddbbd9c76a942e2238
Mjc4,v1.14.0,2020-01-14T21:23:03Z,false,fd269f60bfc6fffba5ca9598761361d1f5ed6105
Mjc5,v1.14.1,2020-01-15T16:38:02Z,false,bc41ab513932694fccaed8c2d40e2e66630fdc88
Mjgw,v1.14.2,2020-01-18T03:19:33Z,false,ecc74c966d1433bf4f5e233a4aad17dfe8ce1bdd
Mjgx,v1.14.3,2020-01-21T18:11:09Z,false,c15efb9231a49e6a2fb21c87bc1289e6aeee71a9
Mjgy,v1.14.4,2020-01-23T21:27:01Z,false,83a64b7233d58809062846391422571f94f0f9d8
Mjgz,v1.14.5,2020-01-24T04:43:01Z,false,439a21816e61b8ede0a884470f99f8b6f4307fd0
Mjg0,v1.12.13+hotfix.7,2020-01-27T06:38:26Z,false,a67792536ca236a971d0efbcfd7af4efb8f6c119
Mjg1,v1.14.6,2020-01-28T15:56:51Z,false,c4229bfbbae455ad69c967be19aee3fadd6486e1
Mjg2,v1.15.0,2020-02-04T21:28:55Z,false,81dffd1241e67f7e514b5fcc9eab4902721ae575
Mjg3,v1.15.1,2020-02-05T23:57:49Z,false,81dffd1241e67f7e514b5fcc9eab4902721ae575
Mjg4,v1.15.2,2020-02-06T21:19:46Z,false,f34bc65bee49e1ac33d7bab178d1e4b4dd346881
Mjg5,v1.15.3,2020-02-10T22:59:32Z,false,6158f03ef5fae3ef620264595021609ed9ea3a5c
Mjkw,v1.12.13+hotfix.8,2020-02-11T19:44:36Z,false,e1e6ced81d029258d449bdec2ba3cddca9c2ca0c
Mjkx,v1.15.4,2020-03-04T16:56:53Z,false,90bd6f8148178b5cfe80ab21b3dc36ab7d49f6ac
Mjky,v1.15.5,2020-03-04T20:40:15Z,false,90bd6f8148178b5cfe80ab21b3dc36ab7d49f6ac
Mjkz,v1.15.6,2020-03-04T22:26:02Z,false,b77f509e0bb80f3e5988d36df34d4841cf344fa4
Mjk0,v1.15.7,2020-03-05T00:12:13Z,false,b77f509e0bb80f3e5988d36df34d4841cf344fa4
Mjk1,v1.15.8,2020-03-05T01:56:01Z,false,810727bf3f8f7a9d23ee8e65a5209944c80fde58
Mjk2,v1.15.9,2020-03-05T02:59:18Z,false,810727bf3f8f7a9d23ee8e65a5209944c80fde58
Mjk3,v1.15.10,2020-03-05T04:46:01Z,false,7df0a6e35e5c1a4e541fb53538bc527daa41ba7c
Mjk4,v1.15.11,2020-03-05T17:16:03Z,false,3e380092e270846373ee9739406bf471050c02c6
Mjk5,v1.15.12,2020-03-05T21:59:57Z,false,2e2a9e192d3d8f4f8aa96ca283947f4125bf836c
MzAw,v1.15.13,2020-03-06T00:01:02Z,false,e28d26e3054ef005ec273fbedbaad257d5d393cf
MzAx,v1.15.14,2020-03-06T00:08:44Z,false,e28d26e3054ef005ec273fbedbaad257d5d393cf
MzAy,v1.15.15,2020-03-06T01:51:02Z,false,3bf196591bc312b38399a598f8c9e5d752de56e2
MzAz,v1.15.16,2020-03-06T03:14:27Z,false,4da196caa1ce854e0b3f97587e4220e14aa2c335
MzA0,v1.15.17,2020-03-06T15:28:38Z,false,5aff3119480996ca014ec0f8d26d74db617b5852
MzA1,v1.15.18,2020-03-06T18:24:23Z,false,5aff3119480996ca014ec0f8d26d74db617b5852
MzA2,flutter-0.0-candidate.1,2020-03-09T23:26:48Z,true,6efadcdf8ce9b76c1eac846db7a92f847311d020
MzA3,v1.15.19,2020-03-10T05:07:34Z,false,0e2c8feeeb47618ffa468bcbc7f3bd2ceb93ad6d
MzA4,v1.15.20,2020-03-11T03:05:41Z,false,0e2c8feeeb47618ffa468bcbc7f3bd2ceb93ad6d
MzA5,v1.15.21,2020-03-13T06:46:02Z,false,d7a00b8b09b09d299f12ff0709438896153082a6
MzEw,v1.15.22,2020-03-16T04:36:01Z,false,6801b4dae791e458db94775d675fec1fb5efb15f
MzEx,v1.16.0,2020-03-17T19:24:13Z,false,083a7c2bcaaf8f2edd1994d2830e0b4a291e7342
MzEy,v1.16.1,2020-03-19T01:56:02Z,false,216c420a2c06e5266a60a768b3fd0b660551cc9c
MzEz,v1.16.2,2020-03-23T15:33:41Z,false,2d42c74a348d98d2fd372a91953c104e58f185cd
MzE0,v1.16.3,2020-03-27T01:08:05Z,false,b2bdeb3f0f1683f3e0562f491b5e316240dfbc2c
MzE1,v1.12.13+hotfix.9,2020-03-30T20:57:30Z,false,af51afceb8886cc11e25047523c4e0c7e1f5d408
MzE2,1.17.0-dev.0.0,2020-03-30T23:12:40Z,true,c779894d089554620134408b3cb6ea515489dc14
MzE3,1.17.0-dev.1.0,2020-03-31T23:14:22Z,true,fc5b44c901ceb37d3f98715b2b9d857ca64e4db6
MzE4,1.17.0-dev.2.0,2020-04-01T18:06:01Z,true,c9506cb8e93e5e8879152ff5c948b175abb5b997
MzE5,1.17.0-dev.3.0,2020-04-02T17:26:03Z,true,c9506cb8e93e5e8879152ff5c948b175abb5b997
MzIw,1.17.0-dev.4.0,2020-04-02T19:46:02Z,true,8166a91bca11b83c16fba8f8fd407e937a2ac89c
MzIx,1.17.0-dev.5.0,2020-04-02T22:40:37Z,true,f56e678e7fa9f1249253f06c8c0797ddc67a9df2
MzIy,1.18.0-dev.0.0,2020-04-04T00:06:01Z,true,09bc1fc45e505118e96afedd7ba365e593369697
MzIz,1.18.0-dev.1.0,2020-04-05T02:51:01Z,true,4cfbe45033ef2788512932fd75d51c84036c204a
MzI0,1.17.0-dev.3.1,2020-04-06T21:07:34Z,true,c9506cb8e93e5e8879152ff5c948b175abb5b997
MzI1,1.18.0-dev.2.0,2020-04-06T20:38:41Z,true,df257e59c24175e1f7181db7524c6df605e50031
MzI2,1.18.0-dev.3.0,2020-04-06T23:15:07Z,true,df257e59c24175e1f7181db7524c6df605e50031
MzI3,1.18.0-dev.4.0,2020-04-07T02:11:01Z,true,49891e065313d26bbc2ddc9805fb7ed27edae174
MzI4,1.18.0-dev.5.0,2020-04-12T16:00:01Z,true,beb8a7ec48f6b980a778d19eeda613635c3897c9
MzI5,1.18.0-6.0.pre,2020-04-21T01:35:01Z,true,2bde4f0ae4304d8c6d4ed7d5d0a54bc4010f2196
MzMw,1.17.0-3.2.pre,2020-04-22T03:34:20Z,true,4c8c31f591882b3c668992d2e9da761118899f38
MzMx,1.18.0-7.0.pre,2020-04-23T18:57:18Z,true,fe14e03236ca03f4c98056fbccd66e89b5281e15
MzMy,1.18.0-8.0.pre,2020-04-24T02:29:01Z,true,d2ec21221e299b56e6ecb297e7710c63e7b7ba87
MzMz,1.17.0-3.3.pre,2020-04-28T18:02:34Z,true,376ad6a64b08aa26005e3f82aed26de2e290b572
MzM0,1.17.0-3.4.pre,2020-05-02T18:39:18Z,true,540786dd51f112885a89792d678296b95e6622e5
MzM1,1.17.0,2020-05-02T18:39:18Z,false,540786dd51f112885a89792d678296b95e6622e5
MzM2,1.18.0-9.0.pre,2020-05-05T20:08:49Z,true,040747ed404590aa25490e48b15db10a75e16cba
MzM3,1.18.0-10.0.pre,2020-05-05T19:09:51Z,true,33d2367950154e7f8daf9ce9992a450016289a5f
MzM4,1.18.0-11.0.pre,2020-05-05T23:10:41Z,true,33d2367950154e7f8daf9ce9992a450016289a5f
MzM5,1.18.0-12.0.pre,2020-05-06T15:16:03Z,true,33d2367950154e7f8daf9ce9992a450016289a5f
MzQw,1.18.0-13.0.pre,2020-05-07T00:36:01Z,true,d6aa099de7c700e7ce44f4ddeb0fc1a078bd0067
MzQx,1.19.0-0.0.pre,2020-05-08T01:59:02Z,true,3953c3ccd15a54a0718700aa11ead664b264b7dd
MzQy,1.19.0-1.0.pre,2020-05-11T15:45:03Z,true,d96f962ca21a104b08836f34814eb6b267937511
MzQz,1.17.1,2020-05-13T01:39:00Z,false,6bc433c6b6b5b98dcf4cc11aff31cdee90849f32
MzQ0,1.18.0-11.1.pre,2020-05-13T22:24:36Z,true,ef9215ceb2884ddf520d321bcd822d1461330876
MzQ1,1.17.2,2020-05-28T19:44:12Z,false,b851c718295a896918dc93cb1ff14f2f895a1b90
MzQ2,1.19.0-2.0.pre,2020-05-31T14:41:50Z,true,923687f0e7ff0cddcbd05c98fd3ca12db9c45ac8
MzQ3,1.19.0-3.0.pre,2020-06-02T00:17:03Z,true,e39301f23f324d1685678bcbb1682643e22b3a67
MzQ4,1.17.3,2020-06-04T16:26:11Z,false,ee76268252c22f5c11e82a7b87423ca3982e51a7
MzQ5,1.19.0-4.0.pre,2020-06-05T10:44:02Z,true,d17c84e7af9081ea95cc4563559fd53e119e6038
MzUw,1.19.0-5.0.pre,2020-06-08T16:27:34Z,true,c7f9725521c0dff7712d54f26322ac3463572394
MzUx,1.19.0-4.1.pre,2020-06-09T22:53:13Z,true,9a28c3bcf40ce64fee61e807ee3e1395fd6bd954
MzUy,1.20.0-0.0.pre,2020-06-09T22:43:03Z,true,e8c13aa012c915c6a290d2a85950af67303e75f9
MzUz,1.17.4,2020-06-17T21:41:16Z,false,ee76268252c22f5c11e82a7b87423ca3982e51a7
MzU0,1.20.0-1.0.pre,2020-06-18T15:23:22Z,true,c0d52b98d1d867f9650ce3768206b944d2f60a0d
MzU1,1.19.0-4.2.pre,2020-06-22T19:19:28Z,true,9a28c3bcf40ce64fee61e807ee3e1395fd6bd954
MzU2,1.20.0-2.0.pre,2020-06-23T11:52:58Z,true,91a63d6a44c56ca13baadccedc46fd66b001fdbc
MzU3,1.17.5,2020-06-30T19:53:55Z,false,ee76268252c22f5c11e82a7b87423ca3982e51a7
MzU4,1.19.0-4.3.pre,2020-07-01T21:31:18Z,true,9a28c3bcf40ce64fee61e807ee3e1395fd6bd954
MzU5,1.20.0-3.0.pre,2020-07-04T19:19:20Z,true,a751393804dcc8655c3361c1faf256c9291bf26b
MzYw,1.20.0-7.0.pre,2020-07-08T17:19:36Z,true,0dc86cda19d55aba8b719231c11306eeaca4b798
MzYx,1.20.0-7.1.pre,2020-07-10T23:33:05Z,true,d48085141c2f201b1c534e6926eb39bb52d9db3e
MzYy,1.21.0-1.0.pre,2020-07-15T00:26:01Z,true,99c2b3a2455511c3fd37521d9b00972c5345b75b
MzYz,1.20.0-7.2.pre,2020-07-18T22:16:35Z,true,60b269d898cbe0be27e9b9ba9d21eae97b887ab6
MzY0,1.21.0-5.0.pre,2020-07-23T01:40:12Z,true,dcc9a4048da890660f0880b4c2afed7c9470d335
MzY1,1.20.0-7.3.pre,2020-07-28T23:06:37Z,true,ac95267aef5175b3f6c3387d502070c68f588ad5
MzY2,1.20.0-7.4.pre,2020-08-01T16:01:12Z,true,d6ee1499c27a156a797d9f1539ffb7892855c1d0
MzY3,1.21.0-7.0.pre,2020-08-03T17:33:07Z,true,083282e33bbb0f7c7cbb9eb2fd1af06ecb636ea9
MzY4,1.20.0,2020-08-05T03:55:12Z,false,c8e3b9485386425213e2973126d6f57e7ed83c54
MzY5,1.20.1,2020-08-06T02:53:19Z,false,c8e3b9485386425213e2973126d6f57e7ed83c54
Mzcw,1.21.0-9.0.pre,2020-08-09T14:31:03Z,true,6d86e67f04d8b8cf16c64b466a4e7a04c497f271
Mzcx,1.20.2,2020-08-13T15:33:09Z,false,9d5b21729ff53dbf8eadd8bc97e0e30d77abec95
Mzcy,1.21.0-9.1.pre,2020-08-18T16:46:08Z,true,267070c17a6956de1a03dbe09cda56f0c485f41b
Mzcz,1.22.0-1.0.pre,2020-08-20T14:31:50Z,true,81027ab0cc0e7974beee760eb042827a44dd12f3
Mzc0,1.21.0-9.2.pre,2020-08-27T21:14:33Z,true,20a953183580250aac2e15d36007664118bda5ab
Mzc1,1.22.0-9.0.pre,2020-08-29T03:18:04Z,true,07e2520d5d8f837da439317adab4ecd7bff2f72d
Mzc2,1.20.3,2020-09-01T19:24:47Z,false,d1bc06f032f9d6c148ea6b96b48261d6f545004f
Mzc3,1.22.0-12.0.pre,2020-09-11T21:46:57Z,true,fee6f9e5333472a1931d00f521252901d60e0c76
Mzc4,1.20.4,2020-09-14T22:32:52Z,false,d1bc06f032f9d6c148ea6b96b48261d6f545004f
Mzc5,1.22.0-12.1.pre,2020-09-16T00:47:13Z,true,4654fc6cf6416daae78eac2c211ad84c46e21625
Mzgw,1.23.0-3.0.pre,2020-09-17T23:12:06Z,true,2abe69c6081888f28217d8dece4fde2f5490fbab
Mzgx,1.23.0-4.0.pre,2020-09-22T19:04:44Z,true,2abe69c6081888f28217d8dece4fde2f5490fbab
Mzgy,1.22.0-12.2.pre,2020-09-25T19:48:22Z,true,f763b5b9b936872bc6c84b4395286ce684e3b431
Mzgz,1.23.0-7.0.pre,2020-09-25T10:47:03Z,true,3a73d073c8bedb678d82ee78daf05037b3a7a85e
Mzg0,1.22.0-12.3.pre,2020-09-29T18:49:17Z,true,5babba6c4d25fa237bbf755ab85c9a0c50b3c6ec
Mzg1,1.22.0,2020-09-29T18:49:17Z,false,5babba6c4d25fa237bbf755ab85c9a0c50b3c6ec
Mzg2,1.23.0-13.0.pre,2020-10-06T19:31:25Z,true,443cd5a1e1b3ef5d98953a6f4cf1b30df582d0ca
Mzg3,1.22.0-12.4.pre,2020-10-08T17:06:30Z,true,75bef9f6c8ac2ed4e1e04cdfcd88b177d9f1850d
Mzg4,1.22.1,2020-10-08T17:06:30Z,false,75bef9f6c8ac2ed4e1e04cdfcd88b177d9f1850d
Mzg5,1.23.0-18.0.pre,2020-10-13T17:52:23Z,true,66344068899635154addec16005167113b9c1e9d
Mzkw,1.24.0-1.0.pre,2020-10-14T22:57:04Z,true,069b3cf8f093d44ec4bae1319cbfdc4f8b4753b6
Mzkx,1.22.2,2020-10-15T23:26:19Z,false,b8752bbfff0419c8bf616b602bc59fd28f6a3d1b
Mzky,1.23.0-18.1.pre,2020-10-15T19:04:33Z,true,1d12d82d9cb54876f58044aa52198d53ec841c3d
Mzkz,1.24.0-3.0.pre,2020-10-22T16:36:06Z,true,defa8be2b10650dad50dfee9324ed8d16eeec13f
Mzk0,1.22.3,2020-10-29T21:14:35Z,false,a1440ca392ca23e874a105c5f3248b495bd0e247
Mzk1,1.24.0-6.0.pre,2020-10-29T02:43:19Z,true,073263e39d1d12313c9622ac3788cc9f2b01f582
Mzk2,1.24.0-7.0.pre,2020-10-30T03:07:34Z,true,073263e39d1d12313c9622ac3788cc9f2b01f582
Mzk3,1.22.4,2020-11-13T17:59:28Z,false,2c956a31c0a3d350827aee6c56bb63337c5b4e6e
Mzk4,1.24.0-10.1.pre,2020-11-14T05:22:10Z,true,bd390c0310ed240f5781b55b6eb6d5b9f0e2955f
Mzk5,1.24.0-10.2.pre,2020-11-18T19:35:09Z,true,07c1eed46b9d9b58df78566e9b8b2e42e80d3380
NDAw,1.25.0-4.0.pre,2020-11-30T12:14:13Z,true,20caf549695193a9920ca37752eca4f141bbef31
NDAx,1.25.0-8.0.pre,2020-12-09T04:13:04Z,true,df39e5c51517a73e61647286ab21252074512c63
NDAy,1.22.5,2020-12-10T19:54:40Z,false,ae90085a8437c0ae94d6b5ad2741739ebc742cb4
NDAz,1.26.0-1.0.pre,2020-12-13T15:19:13Z,true,4797b066524201e86d6bc5c110104c390899f264
NDA0,1.25.0-8.1.pre,2020-12-15T23:07:52Z,true,92ae191c17a53144bf4d62f3863c110be08e3fd3
NDA1,1.25.0-8.2.pre,2021-01-05T20:34:13Z,true,92ae191c17a53144bf4d62f3863c110be08e3fd3
NDA2,1.26.0-8.0.pre,2021-01-08T02:36:48Z,true,42a8d4c681baf87d2f2829ed3728eee4fe2bc3fe
NDA3,1.25.0-8.3.pre,2021-01-14T23:57:49Z,true,7a8f8ca02c276dce02f8dd42a44e776ac03fa9bc
NDA4,1.26.0-12.0.pre,2021-01-14T23:20:26Z,true,effb529ecec86cbcad2ced2a567cb14ab20b10d5
NDA5,1.22.6,2021-01-22T22:36:39Z,false,2f0af3715217a0c2ada72c717d4ed9178d68f6ed
NDEw,1.26.0-17.0.pre,2021-01-26T18:58:48Z,true,5d3477eab415fbcc3d58624b07f0a768f8208f98
NDEx,1.26.0-17.1.pre,2021-01-29T16:44:18Z,true,5d3477eab415fbcc3d58624b07f0a768f8208f98
NDEy,1.26.0-17.2.pre,2021-02-03T23:33:39Z,true,2c527d6c7e70e2f51bca1a46f1174b250f84c5da
NDEz,1.26.0-17.3.pre,2021-02-05T03:44:27Z,true,2c527d6c7e70e2f51bca1a46f1174b250f84c5da
NDE0,1.27.0-1.0.pre,2021-02-09T00:14:15Z,true,b04955656c87de0d80d259792e3a0e4a23b7c260
NDE1,1.26.0-17.4.pre,2021-02-10T19:46:09Z,true,2c527d6c7e70e2f51bca1a46f1174b250f84c5da
NDE2,1.26.0-17.5.pre,2021-02-11T00:25:47Z,true,d4453f601890ec682bbf8f5659b70f15cce1d67d
NDE3,1.26.0-17.6.pre,2021-02-16T17:26:56Z,true,21fa8bb99e9a20563d9a7d39afeba8e5c811a7eb
NDE4,1.27.0-4.0.pre,2021-02-16T19:24:17Z,true,1d537824d6d29bf9967172d32450ef0671097cef
NDE5,1.27.0-8.0.pre,2021-02-19T17:22:45Z,true,6993cb229b99e6771c6c6c2b884ae006d8160a0f
NDIw,1.26.0-17.7.pre,2021-02-23T23:30:39Z,true,4a466e17cb02da06e9e256a278cb9779f2abb245
NDIx,1.26.0-17.8.pre,2021-02-24T21:02:05Z,true,042c82b02c83c20e57a67d86a8d3b7677d983556
NDIy,2.1.0-10.0.pre,2021-02-25T21:26:03Z,true,a252ec09b74cca0f8d8d3450566bf77c77f81e8d
NDIz,2.0.0,2021-03-03T17:13:17Z,false,40441def692f444660a11e20fac37af9050245ab
NDI0,2.0.1,2021-03-04T17:47:48Z,false,40441def692f444660a11e20fac37af9050245ab
NDI1,2.1.0-12.0.pre,2021-03-09T06:53:21Z,true,2441c476a6b4585bc8ae09f79b5d3a70b3261aee
NDI2,2.1.0-12.1.pre,2021-03-10T20:37:57Z,true,711ab3fda05004ee5f6035f2a0bf099fca39a129
NDI3,2.0.2,2021-03-11T21:22:20Z,false,5d8bf811b3072390933d69f3e289a4bb673636c4
NDI4,2.1.0-12.2.pre,2021-03-18T00:06:30Z,true,711ab3fda05004ee5f6035f2a0bf099fca39a129
NDI5,2.0.3,2021-03-19T00:24:33Z,false,3459eb24361807fb186953a864cf890fa8e9d26a
NDMw,2.0.4,2021-04-01T21:25:01Z,false,2dce47073a378673f6ca095e91b8065544c3a881
NDMx,2.2.0-10.0.pre,2021-04-07T19:24:22Z,true,56b13559807bf4cb83d16c659757d6ae4f209490
NDMy,2.2.0-10.1.pre,2021-04-15T19:01:02Z,true,d2a2e93510ad6cfc3d62a90d903b7056e4da8264
NDMz,2.0.5,2021-04-16T16:40:20Z,false,b09f014e9658da6647361e7e416d1a159d34192d
NDM0,2.3.0-0.0.pre,2021-04-21T20:29:09Z,true,de6e1adf9730aad8e531690d2b3752b663ebbdaa
NDM1,2.3.0-0.1.pre,2021-04-26T13:05:55Z,true,de6e1adf9730aad8e531690d2b3752b663ebbdaa
NDM2,2.2.0-10.2.pre,2021-04-29T00:09:53Z,true,91ed51e05c68efdbddf642735f164fc914358cff
NDM3,2.0.6,2021-04-30T00:37:58Z,false,05e680e202af9a92461070cb2d9982acad46c83c
NDM4,2.3.0-1.0.pre,2021-04-30T19:35:21Z,true,e7939e091e2c995db93e8febd2814e9235225925
NDM5,2.2.0-10.3.pre,2021-05-08T18:28:22Z,true,a123e75c6082da3a08f229b9c565e64b5b24a8a3
NDQw,2.2.0,2021-05-15T02:12:57Z,false,a9d88a4d182bdae23e3a4989abfb7ea25954aad1
NDQx,2.3.0-12.0.pre,2021-05-17T18:59:02Z,true,26e217e6c3d487bb3c0cbf8a7edb378952a51d33
NDQy,2.3.0-12.1.pre,2021-05-18T21:07:52Z,true,26e217e6c3d487bb3c0cbf8a7edb378952a51d33
NDQz,2.3.0-16.0.pre,2021-05-21T20:04:03Z,true,2f067fc4c57d53e565532f4e188c947fe48cd57d
NDQ0,2.2.1,2021-05-27T19:24:44Z,false,0fdb562ac8068ce3dda6b69aca3f355f4d1d2718
NDQ1,2.2.2,2021-06-11T15:56:01Z,false,91c9fc8fe011352879e3bb6660966eafc0847233
NDQ2,2.3.0-24.0.pre,2021-06-12T05:11:53Z,true,ddbac024d165c373396e1f125666848d1539a38d
NDQ3,2.3.0-24.1.pre,2021-06-25T16:24:44Z,true,9d517f475ba1282b619477bde8e708d6a34287cf
NDQ4,2.4.0-0.0.pre,2021-06-30T07:43:41Z,true,c633b2a6a04ffe81308cdd8916c062725a8ed1e1
NDQ5,2.2.3,2021-07-01T19:46:11Z,false,241c87ad800beeab545ab867354d4683d5bfb6ce
NDUw,2.4.0-4.0.pre,2021-07-11T22:21:02Z,true,ed25e8f01efe6e778cdc65a1858ba3c5ce629786
NDUx,2.4.0-4.1.pre,2021-07-21T23:12:25Z,true,ed25e8f01efe6e778cdc65a1858ba3c5ce629786
NDUy,2.4.0-4.2.pre,2021-07-22T21:08:30Z,true,844c29f42a614420b2205c178f22d30b43a8b0bb
NDUz,2.5.0-1.0.pre,2021-07-26T08:38:02Z,true,a877f6fed68e1b961f76ec0fece9e7c684679e75
NDU0,2.5.0-5.0.pre,2021-08-04T22:59:50Z,true,a0d89b1a543d3db982744179d846fb8e8397e889
NDU1,2.5.0-6.0.pre,2021-08-05T18:32:48Z,true,07ec4b82c71ce2f34c72caeaf061f7ad82cb25e4
NDU2,2.5.0-5.1.pre,2021-08-11T22:48:01Z,true,fbeb7e22bd6d594a16c487cc138970fbd2a77d40
NDU3,2.5.0-5.2.pre,2021-08-19T00:10:31Z,true,7a4c4505f6a7a1aa758d62b58150dce43cfa473f
NDU4,2.6.0-0.0.pre,2021-08-23T17:03:21Z,true,d5adde01dd672ba4f6819d85218beb01142dca27
NDU5,2.5.0-5.3.pre,2021-09-02T16:07:14Z,true,fcde2c8b2f0891c80e1f0f794bc7c26dd50f2949
NDYw,2.6.0-5.0.pre,2021-09-04T15:36:02Z,true,0bd9be379a17d0e22d1f4fc1e562dbc9e6978832
NDYx,2.5.0,2021-09-08T06:01:49Z,false,f0826da7ef2d301eb8f4ead91aaf026aa2b52881
NDYy,2.6.0-5.1.pre,2021-09-08T19:44:29Z,true,0bd9be379a17d0e22d1f4fc1e562dbc9e6978832
NDYz,2.6.0-5.2.pre,2021-09-15T22:50:26Z,true,1d521d89d8d98f27be4e0ff84d5c6b72dbdc91ca
NDY0,2.5.1,2021-09-17T19:26:33Z,false,b3af521a050e6ef076778bcaf16e27b2521df8f8
NDY1,2.6.0-11.0.pre,2021-09-17T00:29:58Z,true,5b81c6d615c395d70f7032763aa8e89f16fb2bdd
NDY2,2.5.2,2021-09-30T19:58:18Z,false,6ac856380fa4f66469552ce986edf59f65f7cd68
NDY3,2.5.3,2021-10-15T17:46:35Z,false,d3ea636dc5d16b56819f3266241e1f708979c233
NDY4,2.7.0-3.0.pre,2021-10-19T17:58:42Z,true,bbba2b2437d739a455ecafb66a22a46d31b233ed
NDY5,2.7.0-3.1.pre,2021-10-27T22:18:41Z,true,a75e3b80f9c1ffb30bbe736c5a42e4a815a79197
NDcw,2.8.0-3.1.pre,2021-11-12T19:50:00Z,true,09f1520e8b9585d133faf1eccced9357670c6d11
NDcx,2.8.0-3.2.pre,2021-11-18T19:15:09Z,true,bcc2b7f12cada3d1359e353c416568b4c3f6df69
NDcy,2.8.0-3.3.pre,2021-12-01T21:00:48Z,true,06a7363b0cfd4092fe06eb80f829b5fbc94fd32a
NDcz,2.8.0,2021-12-08T22:06:50Z,false,40a99c595137e4b2f5b2efa8ff343ea23c1e16b8
NDc0,2.9.0-0.0.pre,2021-12-08T01:39:04Z,true,66a281107bcfd0283f469694980924e8f32b7a32
NDc1,2.9.0-0.1.pre,2021-12-14T21:41:48Z,true,234aca678a2fb70ff2659870186f97c32f8894f4
NDc2,2.8.1,2021-12-16T16:37:33Z,false,890a5fca2e34db413be624fc83aeea8e61d42ce6
NDc3,2.10.0-0.0.pre,2021-12-29T19:29:19Z,true,01d19ceef477d99102f808e808937efec01579ad
NDc4,2.10.0-0.1.pre,2022-01-12T01:50:05Z,true,63ca99584a1aef79722b2a7c6414570b54416bab
NDc5,2.10.0-0.2.pre,2022-01-19T23:02:56Z,true,74b74b10ea6764e373ca2bcb420fdb4a6f6b5918
NDgw,2.10.0-0.3.pre,2022-01-26T04:01:33Z,true,5ac30ef0c70b76c5d5b5465b0ad4f08d5433684f
NDgx,2.10.0,2022-02-01T22:15:42Z,false,776efd2034d50af73e2876d703213601df384e88
NDgy,2.10.1,2022-02-09T19:57:35Z,false,ab46186b246f5a36bd1f3f295d14a43abb1e2f38
NDgz,2.11.0-0.1.pre,2022-02-16T15:36:54Z,true,e3559935720ea88dfcdf9079c394ffdb5146ceab
NDg0,2.10.2,2022-02-19T01:33:08Z,false,a83ed0e5e3b9cd2b5e2f07ef31c72f43c55e93b7
NDg1,2.10.3,2022-03-02T17:23:12Z,false,bd539267b42051b0da3d16ffa8f48949dce8aa8f
NDg2,2.12.0-4.0.pre,2022-03-07T07:41:20Z,true,97302b98fbb55d851868107f11160922e96934f8
NDg3,2.12.0-4.1.pre,2022-03-16T20:46:03Z,true,e9f57b5d0f56ea3288c7206f56717ca19ffe5358
NDg4,2.10.4,2022-03-25T05:23:12Z,false,57d3bac3dd5cb5b0e464ab70e7bc8a0d8cf083ab
NDg5,2.12.0-4.2.pre,2022-03-29T15:49:29Z,true,486f4a749e532b865d5d24990d865f7d902b8fb3
NDkw,3.0.0-0.0.pre,2022-04-05T22:20:48Z,true,b48d65e88cfa5b1a56ca84464bb680422ac6b6cb
NDkx,2.13.0-0.1.pre,2022-04-12T20:34:25Z,true,499984f99cfe01e3b69d962ec4847f70c4317694
NDky,2.10.5,2022-04-18T16:55:37Z,false,57d3bac3dd5cb5b0e464ab70e7bc8a0d8cf083ab
NDkz,2.13.0-0.2.pre,2022-04-20T15:21:52Z,true,24a02fa5ee681840cdc842c22f4cb4bdd5ec3115
NDk0,2.13.0-0.3.pre,2022-04-27T19:37:50Z,true,3096903c8923608d3c1ccf8058a29c31a2bfbc53
NDk1,2.13.0-0.4.pre,2022-05-05T21:23:09Z,true,c5caf749fe75db788dba8def502c46c094435605
NDk2,3.0.0,2022-05-09T23:45:18Z,false,d1b9a6938ad77326ac3a94d92bbc77933ed829ed
NDk3,3.0.1,2022-05-19T22:50:29Z,false,caaafc5604ee9172293eb84a381be6aadd660317
NDk4,3.1.0,2022-05-26T16:05:34Z,false,44e5b38ee83a1282981a30abc08ffcf6cd0e44bd
NDk5,3.0.2,2022-06-08T16:52:13Z,false,f15f824b57476e369b5e656f53d4c431c5b04b9a
NTAw,3.1.0-9.0.pre,2022-06-14T18:39:33Z,true,74ee6b5afd8d7c3f7c66efa1a2a384e15267f9be
NTAx,3.0.3,2022-06-22T18:34:49Z,false,ffe7b86a1e5b5cb63c8385ae1adc759e372ee8f4
NTAy,3.0.4,2022-06-30T20:22:47Z,false,6ba2af10bb05c88a2731482cedf2cfd11cf5af0b
NTAz,3.0.5,2022-07-13T18:24:16Z,false,e85ea0e79c6d894c120cda4ee8ee10fe6745e187
NTA0,3.3.0-0.0.pre,2022-07-19T01:59:23Z,true,1388adb442192ce155630eeb6806b74db07dd15e
NTA1,3.3.0-0.1.pre,2022-07-27T17:33:00Z,true,fd131c385ee2a2d0484c49ed859911798e4e177b
NTA2,3.3.0-0.2.pre,2022-08-02T21:35:08Z,true,d1e7dc18bf272f7f2be1c9094307fa0462787ff2
NTA3,3.3.0-0.3.pre,2022-08-10T17:15:36Z,true,f16e757d5d68c164d084b61d84e3b7cd14eacba9
NTA4,3.3.0-0.4.pre,2022-08-19T21:58:10Z,true,ad3d868e0d174f5a8447b011bd714d18a5f2abec
NTA5,3.3.0-0.5.pre,2022-08-22T22:34:14Z,true,ad3d868e0d174f5a8447b011bd714d18a5f2abec
NTEw,3.4.0-17.0.pre,2022-08-28T18:41:27Z,true,8f5ea5495aab1eef960b4b8e3e21128fce42f3c9
NTEx,3.3.0,2022-08-30T00:28:57Z,false,5e9e0e0aa8be4ff69facadd706b713f0bb54d5b3
NTEy,3.4.0-18.0.pre,2022-08-31T01:20:09Z,true,0ef08a85252ab90baea10294da083b037ae1c989
NTEz,3.3.1,2022-09-07T00:54:53Z,false,3efdf03e73dd352873fc5a7e1c0de04e52863b3a
NTE0,3.3.2,2022-09-14T13:46:55Z,false,a4ff2c53d84ca78702bc3be6c7ef0788ffca01d3
